Step,Time[ms],homGroupTrue,homGroupFalse,agreeTrue,hetGroup,voteFalse,agreeFalse,voteTrue
0,0,0,0,2038,10,34,1076,66
1,"0,0000060336",0,0,2037,9,34,1076,66
2,"0,0000064122",0,0,2043,8,34,1076,66
3,"0,0000080539",0,0,2038,7,34,1076,66
4,"0,0000089656",0,0,2040,7,34,1076,66
5,"0,00000903",0,0,2035,7,34,1094,66
6,"0,0000111841",0,0,2031,7,34,1094,66
7,"0,0000113957",0,0,2033,8,34,1094,66
8,"0,0000137005",0,0,2032,7,34,1098,66
9,"0,0000142813",0,0,2024,7,34,1116,66
10,"0,0000178735",0,0,2020,7,34,1116,66
11,"0,0000221682",0,0,2030,7,34,1116,66
12,"0,0000224858",0,0,2031,7,34,1116,66
13,"0,0000233869",0,0,2031,6,34,1124,66
14,"0,0000256633",0,0,2040,5,34,1124,66
15,"0,000026989",0,0,2029,4,34,1124,66
16,"0,0000319641",0,0,2024,4,34,1124,66
17,"0,000034157",0,0,2018,5,34,1124,66
18,"0,0000344804",0,0,2023,5,34,1124,66
19,"0,0000368814",0,0,2023,6,34,1124,66
20,"0,0000408097",0,0,2071,6,35,1198,65
21,"0,0000446372",0,0,2075,7,35,1198,65
22,"0,0000462221",0,0,2071,6,35,1196,65
23,"0,0000463111",0,0,2074,5,35,1196,65
24,"0,0000479306",0,0,2066,6,35,1196,65
25,"0,0000495006",0,0,2071,5,35,1196,65
26,"0,000049681",0,0,2108,6,36,1280,64
27,"0,0000499006",0,0,2104,5,36,1280,64
28,"0,0000507598",0,0,2092,6,36,1266,64
29,"0,000051421",0,0,2101,6,36,1266,64
30,"0,0000518481",0,0,2093,7,36,1258,64
31,"0,0000530789",0,0,2089,6,36,1254,64
32,"0,000057277",0,0,2099,7,36,1264,64
33,"0,0000664287",0,0,2094,6,36,1260,64
34,"0,0000667552",0,0,2086,5,36,1254,64
35,"0,0000698398",0,0,2087,6,36,1254,64
36,"0,0000701809",0,0,2092,6,36,1254,64
37,"0,0000705008",0,0,2100,5,36,1254,64
38,"0,0000705624",0,0,2102,4,36,1248,64
39,"0,0000714242",0,0,2100,5,36,1248,64
40,"0,0000718406",0,0,2107,6,36,1254,64
41,"0,0000732144",0,0,2097,5,36,1246,64
42,"0,0000748378",0,0,2107,5,36,1254,64
43,"0,0000817699",0,0,2097,5,36,1246,64
44,"0,0000820199",0,0,2107,5,36,1254,64
45,"0,0000821459",0,0,2097,5,36,1246,64
46,"0,0000864211",0,0,2107,5,36,1254,64
47,"0,0000880629",0,0,2097,5,36,1246,64
48,"0,0000901922",0,0,2107,5,36,1254,64
49,"0,0000920451",0,0,2097,5,36,1246,64
50,"0,0000987722",0,0,2107,5,36,1254,64
51,"0,0000998454",0,0,2097,5,36,1246,64
52,"0,000100436",0,0,2107,5,36,1254,64
53,"0,0001018482",0,0,2097,5,36,1246,64
54,"0,0001031942",0,0,2107,5,36,1254,64
55,"0,0001041069",0,0,2097,5,36,1246,64
56,"0,0001060637",0,0,2107,5,36,1254,64
57,"0,0001073602",0,0,2097,5,36,1246,64
58,"0,0001075931",0,0,2107,5,36,1254,64
59,"0,0001106361",0,0,2097,5,36,1246,64
60,"0,0001139354",0,0,2107,5,36,1254,64
61,"0,0001200421",0,0,2097,5,36,1246,64
62,"0,0001218407",0,0,2107,5,36,1254,64
63,"0,000127139",0,0,2097,5,36,1246,64
64,"0,0001281876",0,0,2107,5,36,1254,64
65,"0,0001286899",0,0,2097,5,36,1246,64
66,"0,0001309847",0,0,2107,5,36,1254,64
67,"0,0001316428",0,0,2097,5,36,1246,64
68,"0,0001316982",0,0,2107,5,36,1254,64
69,"0,0001363073",0,0,2097,5,36,1246,64
70,"0,0001367104",0,0,2107,5,36,1254,64
71,"0,0001381553",0,0,2097,5,36,1246,64
72,"0,0001385303",0,0,2107,5,36,1254,64
73,"0,0001399536",0,0,2097,5,36,1246,64
74,"0,0001439398",0,0,2107,5,36,1254,64
75,"0,0001475745",0,0,2097,5,36,1246,64
76,"0,0001495608",0,0,2107,5,36,1254,64
77,"0,0001523515",0,0,2097,5,36,1246,64
78,"0,0001530634",0,0,2107,5,36,1254,64
79,"0,000153753",0,0,2097,5,36,1246,64
80,"0,0001538494",0,0,2107,5,36,1254,64
81,"0,0001545414",0,0,2097,5,36,1246,64
82,"0,000154784",0,0,2107,5,36,1254,64
83,"0,0001558224",0,0,2097,5,36,1246,64
84,"0,0001648962",0,0,2107,5,36,1254,64
85,"0,0001663352",0,0,2097,5,36,1246,64
86,"0,0001741725",0,0,2107,5,36,1254,64
87,"0,0001759348",0,0,2097,5,36,1246,64
88,"0,0001786802",0,0,2107,5,36,1254,64
89,"0,0001787718",0,0,2097,5,36,1246,64
90,"0,0001845911",0,0,2107,5,36,1254,64
91,"0,0001860446",0,0,2097,5,36,1246,64
92,"0,0001863266",0,0,2107,5,36,1254,64
93,"0,0001961144",0,0,2097,5,36,1246,64
94,"0,0002055883",0,0,2107,5,36,1254,64
95,"0,0002058121",0,0,2097,5,36,1246,64
96,"0,0002107861",0,0,2107,5,36,1254,64
97,"0,0002108709",0,0,2097,5,36,1246,64
98,"0,000212604",0,0,2107,5,36,1254,64
99,"0,0002162046",0,0,2097,5,36,1246,64
100,"0,0002162232",0,0,2107,5,36,1254,64
101,"0,0002173353",0,0,2097,5,36,1246,64
102,"0,0002200004",0,0,2107,5,36,1254,64
103,"0,0002200458",0,0,2097,5,36,1246,64
104,"0,0002230339",0,0,2107,5,36,1254,64
105,"0,0002253672",0,0,2097,5,36,1246,64
106,"0,0002258396",0,0,2107,5,36,1254,64
107,"0,0002288542",0,0,2097,5,36,1246,64
108,"0,0002291653",0,0,2107,5,36,1254,64
109,"0,0002295003",0,0,2097,5,36,1246,64
110,"0,0002302064",0,0,2107,5,36,1254,64
111,"0,0002353679",0,0,2097,5,36,1246,64
112,"0,0002388709",0,0,2107,5,36,1254,64
113,"0,0002393131",0,0,2097,5,36,1246,64
114,"0,0002401414",0,0,2107,5,36,1254,64
115,"0,0002408155",0,0,2097,5,36,1246,64
116,"0,000241749",0,0,2107,5,36,1254,64
117,"0,0002436718",0,0,2097,5,36,1246,64
118,"0,0002463681",0,0,2107,5,36,1254,64
119,"0,0002466802",0,0,2097,5,36,1246,64
120,"0,0002503608",0,0,2107,5,36,1254,64
121,"0,0002542595",0,0,2097,5,36,1246,64
122,"0,0002591209",0,0,2107,5,36,1254,64
123,"0,0002614448",0,0,2097,5,36,1246,64
124,"0,0002618925",0,0,2107,5,36,1254,64
125,"0,0002659316",0,0,2097,5,36,1246,64
126,"0,0002682682",0,0,2107,5,36,1254,64
127,"0,0002758897",0,0,2097,5,36,1246,64
128,"0,0002771447",0,0,2107,5,36,1254,64
129,"0,0002800429",0,0,2097,5,36,1246,64
130,"0,0002872011",0,0,2107,5,36,1254,64
131,"0,0002885735",0,0,2097,5,36,1246,64
132,"0,0002967615",0,0,2107,5,36,1254,64
133,"0,0002975255",0,0,2097,5,36,1246,64
134,"0,0002980646",0,0,2107,5,36,1254,64
135,"0,000299487",0,0,2097,5,36,1246,64
136,"0,0003008715",0,0,2107,5,36,1254,64
137,"0,0003016967",0,0,2097,5,36,1246,64
138,"0,0003029753",0,0,2107,5,36,1254,64
139,"0,0003046195",0,0,2097,5,36,1246,64
140,"0,0003048514",0,0,2107,5,36,1254,64
141,"0,0003064215",0,0,2097,5,36,1246,64
142,"0,0003097458",0,0,2107,5,36,1254,64
143,"0,0003099828",0,0,2097,5,36,1246,64
144,"0,0003102905",0,0,2107,5,36,1254,64
145,"0,0003172452",0,0,2097,5,36,1246,64
146,"0,0003200577",0,0,2107,5,36,1254,64
147,"0,0003201989",0,0,2097,5,36,1246,64
148,"0,0003204764",0,0,2107,5,36,1254,64
149,"0,0003218171",0,0,2097,5,36,1246,64
150,"0,0003227581",0,0,2107,5,36,1254,64
151,"0,0003246448",0,0,2097,5,36,1246,64
152,"0,0003314436",0,0,2107,5,36,1254,64
153,"0,0003338528",0,0,2097,5,36,1246,64
154,"0,0003388121",0,0,2107,5,36,1254,64
155,"0,0003438015",0,0,2097,5,36,1246,64
156,"0,0003442001",0,0,2107,5,36,1254,64
157,"0,0003457909",0,0,2097,5,36,1246,64
158,"0,0003467037",0,0,2107,5,36,1254,64
159,"0,0003525641",0,0,2097,5,36,1246,64
160,"0,0003541292",0,0,2107,5,36,1254,64
161,"0,0003542638",0,0,2097,5,36,1246,64
162,"0,0003574247",0,0,2107,5,36,1254,64
163,"0,0003598415",0,0,2097,5,36,1246,64
164,"0,0003600766",0,0,2107,5,36,1254,64
165,"0,0003620725",0,0,2097,5,36,1246,64
166,"0,0003652869",0,0,2107,5,36,1254,64
167,"0,0003656587",0,0,2097,5,36,1246,64
168,"0,000369129",0,0,2107,5,36,1254,64
169,"0,0003719261",0,0,2097,5,36,1246,64
170,"0,0003722831",0,0,2107,5,36,1254,64
171,"0,0003727639",0,0,2097,5,36,1246,64
172,"0,0003814973",0,0,2107,5,36,1254,64
173,"0,0003815166",0,0,2097,5,36,1246,64
174,"0,0003840642",0,0,2107,5,36,1254,64
175,"0,0003840758",0,0,2097,5,36,1246,64
176,"0,0003867271",0,0,2107,5,36,1254,64
177,"0,0003878824",0,0,2097,5,36,1246,64
178,"0,000389013",0,0,2107,5,36,1254,64
179,"0,0003892761",0,0,2097,5,36,1246,64
180,"0,0003899096",0,0,2107,5,36,1254,64
181,"0,0003924751",0,0,2097,5,36,1246,64
182,"0,0003932139",0,0,2107,5,36,1254,64
183,"0,0003936042",0,0,2097,5,36,1246,64
184,"0,0003978234",0,0,2107,5,36,1254,64
185,"0,0004020975",0,0,2097,5,36,1246,64
186,"0,0004071214",0,0,2107,5,36,1254,64
187,"0,0004075652",0,0,2097,5,36,1246,64
188,"0,00040809",0,0,2107,5,36,1254,64
189,"0,0004109345",0,0,2097,5,36,1246,64
190,"0,0004113025",0,0,2107,5,36,1254,64
191,"0,0004149766",0,0,2097,5,36,1246,64
192,"0,0004170875",0,0,2107,5,36,1254,64
193,"0,000419136",0,0,2097,5,36,1246,64
194,"0,0004234764",0,0,2107,5,36,1254,64
195,"0,0004236927",0,0,2097,5,36,1246,64
196,"0,0004247443",0,0,2107,5,36,1254,64
197,"0,0004271763",0,0,2097,5,36,1246,64
198,"0,0004274834",0,0,2107,5,36,1254,64
199,"0,0004287278",0,0,2097,5,36,1246,64
200,"0,0004302552",0,0,2107,5,36,1254,64
201,"0,0004366605",0,0,2097,5,36,1246,64
202,"0,0004373378",0,0,2107,5,36,1254,64
203,"0,0004376102",0,0,2097,5,36,1246,64
204,"0,0004433928",0,0,2107,5,36,1254,64
205,"0,0004436163",0,0,2097,5,36,1246,64
206,"0,0004445994",0,0,2107,5,36,1254,64
207,"0,0004449654",0,0,2097,5,36,1246,64
208,"0,0004478395",0,0,2107,5,36,1254,64
209,"0,0004490746",0,0,2097,5,36,1246,64
210,"0,000453197",0,0,2076,7,35,1178,65
211,"0,0004621943",0,0,2086,7,35,1186,65
212,"0,00046245",0,0,2076,7,35,1178,65
213,"0,000465135",0,0,2086,7,35,1186,65
214,"0,0004712956",0,0,2076,7,35,1178,65
215,"0,0004717649",0,0,2086,7,35,1186,65
216,"0,0004722774",0,0,2076,7,35,1178,65
217,"0,0004724255",0,0,2086,7,35,1186,65
218,"0,0004733839",0,0,2076,7,35,1178,65
219,"0,0004763552",0,0,2086,7,35,1186,65
220,"0,0004803572",0,0,2076,7,35,1178,65
221,"0,000483647",0,0,2086,7,35,1186,65
222,"0,0004884452",0,0,2076,7,35,1178,65
223,"0,000492105",0,0,2086,7,35,1186,65
224,"0,0004946359",0,0,2076,7,35,1178,65
225,"0,0004956944",0,0,2086,7,35,1186,65
226,"0,0005002197",0,0,2076,7,35,1178,65
227,"0,0005034692",0,0,2086,7,35,1186,65
228,"0,0005118724",0,0,2076,7,35,1178,65
229,"0,0005124771",0,0,2086,7,35,1186,65
230,"0,00051404",0,0,2076,7,35,1178,65
231,"0,0005153172",0,0,2086,7,35,1186,65
232,"0,0005156834",0,0,2076,7,35,1178,65
233,"0,000524078",0,0,2086,7,35,1186,65
234,"0,0005251776",0,0,2076,7,35,1178,65
235,"0,0005298022",0,0,2086,7,35,1186,65
236,"0,0005302168",0,0,2076,7,35,1178,65
237,"0,0005307453",0,0,2086,7,35,1186,65
238,"0,0005309641",0,0,2076,7,35,1178,65
239,"0,00053218",0,0,2086,7,35,1186,65
240,"0,0005347248",0,0,2076,7,35,1178,65
241,"0,0005347568",0,0,2086,7,35,1186,65
242,"0,0005357974",0,0,2076,7,35,1178,65
243,"0,0005374694",0,0,2086,7,35,1186,65
244,"0,0005377513",0,0,2076,7,35,1178,65
245,"0,0005411918",0,0,2097,7,36,1252,64
246,"0,0005419524",0,0,2107,8,36,1260,64
247,"0,0005450504",0,0,2097,7,36,1252,64
248,"0,0005459746",0,0,2107,7,36,1260,64
249,"0,0005468111",0,0,2097,7,36,1252,64
250,"0,0005494117",0,0,2107,7,36,1260,64
251,"0,000557378",0,0,2097,7,36,1252,64
252,"0,0005584882",0,0,2107,7,36,1260,64
253,"0,0005602396",0,0,2097,7,36,1252,64
254,"0,0005615363",0,0,2107,7,36,1260,64
255,"0,0005630769",0,0,2097,7,36,1252,64
256,"0,000564867",0,0,2107,7,36,1260,64
257,"0,0005650449",0,0,2097,7,36,1252,64
258,"0,0005665087",0,0,2107,7,36,1260,64
259,"0,0005703358",0,0,2097,7,36,1252,64
260,"0,000575069",0,0,2107,7,36,1260,64
261,"0,0005761527",0,0,2097,7,36,1252,64
262,"0,0005793913",0,0,2107,7,36,1260,64
263,"0,0005799254",0,0,2097,7,36,1252,64
264,"0,0005822674",0,0,2107,7,36,1260,64
265,"0,0005842265",0,0,2097,7,36,1252,64
266,"0,0005852755",0,0,2107,7,36,1260,64
267,"0,0005859085",0,0,2097,7,36,1252,64
268,"0,0005878217",0,0,2107,7,36,1260,64
269,"0,0005925566",0,0,2097,7,36,1252,64
270,"0,0005946242",0,0,2107,7,36,1260,64
271,"0,000594683",0,0,2097,7,36,1252,64
272,"0,0005971109",0,0,2107,7,36,1260,64
273,"0,0005978264",0,0,2097,7,36,1252,64
274,"0,0006001978",0,0,2107,7,36,1260,64
275,"0,0006032326",0,0,2097,7,36,1252,64
276,"0,0006034852",0,0,2107,7,36,1260,64
277,"0,0006164714",0,0,2097,7,36,1252,64
278,"0,0006173482",0,0,2107,7,36,1260,64
279,"0,0006208337",0,0,2097,7,36,1252,64
280,"0,0006226065",0,0,2107,7,36,1260,64
281,"0,0006271928",0,0,2097,7,36,1252,64
282,"0,0006307835",0,0,2107,7,36,1260,64
283,"0,0006327275",0,0,2097,7,36,1252,64
284,"0,0006347246",0,0,2107,7,36,1260,64
285,"0,0006362013",0,0,2132,7,37,1390,63
286,"0,0006372771",0,0,2122,8,37,1382,63
287,"0,0006406515",0,0,2132,7,37,1390,63
288,"0,0006419685",0,0,2122,7,37,1382,63
289,"0,0006473052",0,0,2132,7,37,1390,63
290,"0,0006536359",0,0,2122,7,37,1382,63
291,"0,0006560139",0,0,2132,7,37,1390,63
292,"0,0006564546",0,0,2122,7,37,1382,63
293,"0,000657698",0,0,2132,7,37,1390,63
294,"0,0006579358",0,0,2122,7,37,1382,63
295,"0,0006600233",0,0,2132,7,37,1390,63
296,"0,0006618541",0,0,2122,7,37,1382,63
297,"0,0006626427",0,0,2132,7,37,1390,63
298,"0,0006656833",0,0,2122,7,37,1382,63
299,"0,0006662966",0,0,2132,7,37,1390,63
300,"0,0006663604",0,0,2122,7,37,1382,63
301,"0,000668781",0,0,2132,7,37,1390,63
302,"0,0006699292",0,0,2122,7,37,1382,63
303,"0,0006716278",0,0,2132,7,37,1390,63
304,"0,0006763486",0,0,2122,7,37,1382,63
305,"0,0006770082",0,0,2132,7,37,1390,63
306,"0,0006773501",0,0,2122,7,37,1382,63
307,"0,0006819989",0,0,2132,7,37,1390,63
308,"0,0006859319",0,0,2122,7,37,1382,63
309,"0,000686431",0,0,2132,7,37,1390,63
310,"0,000687909",0,0,2122,7,37,1382,63
311,"0,0006879965",0,0,2132,7,37,1390,63
312,"0,0006899396",0,0,2122,7,37,1382,63
313,"0,0006906856",0,0,2132,7,37,1390,63
314,"0,0006920199",0,0,2122,7,37,1382,63
315,"0,0006929747",0,0,2132,7,37,1390,63
316,"0,0006976194",0,0,2122,7,37,1382,63
317,"0,0006991617",0,0,2132,7,37,1390,63
318,"0,0007002822",0,0,2122,7,37,1382,63
319,"0,0007046256",0,0,2132,7,37,1390,63
320,"0,0007059676",0,0,2122,7,37,1382,63
321,"0,0007079197",0,0,2132,7,37,1390,63
322,"0,0007096386",0,0,2122,7,37,1382,63
323,"0,000713812",0,0,2132,7,37,1390,63
324,"0,0007162143",0,0,2122,7,37,1382,63
325,"0,0007282779",0,0,2132,7,37,1390,63
326,"0,0007293723",0,0,2122,7,37,1382,63
327,"0,0007300824",0,0,2132,7,37,1390,63
328,"0,0007330886",0,0,2122,7,37,1382,63
329,"0,000734395",0,0,2132,7,37,1390,63
330,"0,0007349105",0,0,2122,7,37,1382,63
331,"0,0007349496",0,0,2132,7,37,1390,63
332,"0,000741564",0,0,2122,7,37,1382,63
333,"0,0007419319",0,0,2132,7,37,1390,63
334,"0,0007431031",0,0,2122,7,37,1382,63
335,"0,0007464232",0,0,2132,7,37,1390,63
336,"0,0007467654",0,0,2122,7,37,1382,63
337,"0,000746924",0,0,2132,7,37,1390,63
338,"0,0007487617",0,0,2122,7,37,1382,63
339,"0,0007495706",0,0,2132,7,37,1390,63
340,"0,0007509326",0,0,2122,7,37,1382,63
341,"0,0007599449",0,0,2165,7,38,1486,62
342,"0,0007604814",0,0,2174,7,38,1496,62
343,"0,0007605087",0,0,2180,7,38,1516,62
344,"0,0007610163",0,0,2171,7,38,1504,62
345,"0,0007619665",0,0,2180,7,38,1516,62
346,"0,0007660023",0,0,2171,7,38,1504,62
347,"0,0007666579",0,0,2180,7,38,1516,62
348,"0,0007666889",0,0,2171,7,38,1504,62
349,"0,0007668085",0,0,2180,7,38,1516,62
350,"0,0007692138",0,0,2171,7,38,1504,62
351,"0,0007695773",0,0,2180,7,38,1516,62
352,"0,0007753508",0,0,2171,7,38,1504,62
353,"0,0007760887",0,0,2180,7,38,1516,62
354,"0,0007762342",0,0,2171,7,38,1504,62
355,"0,0007763483",0,0,2180,7,38,1516,62
356,"0,0007768966",0,0,2171,7,38,1504,62
357,"0,0007809426",0,0,2180,7,38,1516,62
358,"0,0007834437",0,0,2171,7,38,1504,62
359,"0,0007851421",0,0,2180,7,38,1516,62
360,"0,0007874491",0,0,2171,7,38,1504,62
361,"0,000787546",0,0,2180,7,38,1516,62
362,"0,0007876011",0,0,2171,7,38,1504,62
363,"0,0007910644",0,0,2180,7,38,1516,62
364,"0,0007938757",0,0,2171,7,38,1504,62
365,"0,0007976099",0,0,2180,7,38,1516,62
366,"0,0007983276",0,0,2171,7,38,1504,62
367,"0,00080167",0,0,2180,7,38,1516,62
368,"0,0008022943",0,0,2171,7,38,1504,62
369,"0,0008049416",0,0,2180,7,38,1516,62
370,"0,0008059458",0,0,2171,7,38,1504,62
371,"0,0008073744",0,0,2180,7,38,1516,62
372,"0,0008073802",0,0,2171,7,38,1504,62
373,"0,00080933",0,0,2180,7,38,1516,62
374,"0,0008102065",0,0,2171,7,38,1504,62
375,"0,0008162789",0,0,2180,7,38,1516,62
376,"0,0008179222",0,0,2171,7,38,1504,62
377,"0,0008181472",0,0,2180,7,38,1516,62
378,"0,0008181879",0,0,2171,7,38,1504,62
379,"0,0008192109",0,0,2180,7,38,1516,62
380,"0,0008203213",0,0,2171,7,38,1504,62
381,"0,0008283578",0,0,2180,7,38,1516,62
382,"0,00082983",0,0,2171,7,38,1504,62
383,"0,0008307147",0,0,2180,7,38,1516,62
384,"0,0008308163",0,0,2171,7,38,1504,62
385,"0,0008330813",0,0,2180,7,38,1516,62
386,"0,0008336519",0,0,2171,7,38,1504,62
387,"0,0008337344",0,0,2180,7,38,1516,62
388,"0,0008346366",0,0,2171,7,38,1504,62
389,"0,0008347462",0,0,2180,7,38,1516,62
390,"0,0008375306",0,0,2171,7,38,1504,62
391,"0,0008392906",0,0,2180,7,38,1516,62
392,"0,0008392936",0,0,2171,7,38,1504,62
393,"0,0008424222",0,0,2180,7,38,1516,62
394,"0,0008441362",0,0,2171,7,38,1504,62
395,"0,0008441643",0,0,2180,7,38,1516,62
396,"0,0008448379",0,0,2171,7,38,1504,62
397,"0,0008452562",0,0,2180,7,38,1516,62
398,"0,0008579338",0,0,2171,7,38,1504,62
399,"0,0008623164",0,0,2180,7,38,1516,62
400,"0,0008641486",0,0,2171,7,38,1504,62
401,"0,0008646266",0,0,2180,7,38,1516,62
402,"0,0008652093",0,0,2171,7,38,1504,62
403,"0,0008652667",0,0,2180,7,38,1516,62
404,"0,0008682129",0,0,2171,7,38,1504,62
405,"0,0008683712",0,0,2180,7,38,1516,62
406,"0,0008700882",0,0,2171,7,38,1504,62
407,"0,0008733403",0,0,2180,7,38,1516,62
408,"0,0008753197",0,0,2171,7,38,1504,62
409,"0,0008774466",0,0,2180,7,38,1516,62
410,"0,0008780945",0,0,2171,7,38,1504,62
411,"0,0008821359",0,0,2180,7,38,1516,62
412,"0,0008849657",0,0,2171,7,38,1504,62
413,"0,0008866782",0,0,2180,7,38,1516,62
414,"0,0008887047",0,0,2171,7,38,1504,62
415,"0,0008894503",0,0,2180,7,38,1516,62
416,"0,0008898926",0,0,2171,7,38,1504,62
417,"0,000892695",0,0,2180,7,38,1516,62
418,"0,0008933252",0,0,2171,7,38,1504,62
419,"0,0008954995",0,0,2180,7,38,1516,62
420,"0,000897295",0,0,2171,7,38,1504,62
421,"0,000899927",0,0,2180,7,38,1516,62
422,"0,0009007956",0,0,2171,7,38,1504,62
423,"0,0009010335",0,0,2180,7,38,1516,62
424,"0,0009091548",0,0,2171,7,38,1504,62
425,"0,000909244",0,0,2180,7,38,1516,62
426,"0,0009123076",0,0,2171,7,38,1504,62
427,"0,0009123509",0,0,2180,7,38,1516,62
428,"0,0009131945",0,0,2171,7,38,1504,62
429,"0,0009148126",0,0,2180,7,38,1516,62
430,"0,0009152804",0,0,2171,7,38,1504,62
431,"0,0009165879",0,0,2180,7,38,1516,62
432,"0,0009178993",0,0,2171,7,38,1504,62
433,"0,0009188696",0,0,2180,7,38,1516,62
434,"0,0009201989",0,0,2171,7,38,1504,62
435,"0,0009215888",0,0,2180,7,38,1516,62
436,"0,0009261105",0,0,2171,7,38,1504,62
437,"0,000932937",0,0,2180,7,38,1516,62
438,"0,0009397839",0,0,2171,7,38,1504,62
439,"0,0009401974",0,0,2180,7,38,1516,62
440,"0,0009434723",0,0,2171,7,38,1504,62
441,"0,0009442473",0,0,2180,7,38,1516,62
442,"0,0009471408",0,0,2171,7,38,1504,62
443,"0,0009512476",0,0,2180,7,38,1516,62
444,"0,0009520042",0,0,2171,7,38,1504,62
445,"0,0009534123",0,0,2180,7,38,1516,62
446,"0,0009564397",0,0,2171,7,38,1504,62
447,"0,0009565722",0,0,2180,7,38,1516,62
448,"0,0009580441",0,0,2171,7,38,1504,62
449,"0,0009648342",0,0,2180,7,38,1516,62
450,"0,0009653512",0,0,2171,7,38,1504,62
451,"0,0009685572",0,0,2180,7,38,1516,62
452,"0,0009832803",0,0,2171,7,38,1504,62
453,"0,0009836999",0,0,2180,7,38,1516,62
454,"0,0009893438",0,0,2171,7,38,1504,62
455,"0,0009912275",0,0,2180,7,38,1516,62
456,"0,0009988435",0,0,2171,7,38,1504,62
457,"0,0010021513",0,0,2180,7,38,1516,62
458,"0,0010040275",0,0,2171,7,38,1504,62
459,"0,0010047272",0,0,2180,7,38,1516,62
460,"0,001004967",0,0,2171,7,38,1504,62
461,"0,0010053314",0,0,2180,7,38,1516,62
462,"0,001008799",0,0,2171,7,38,1504,62
463,"0,0010092228",0,0,2180,7,38,1516,62
464,"0,0010116672",0,0,2171,7,38,1504,62
465,"0,001019373",0,0,2180,7,38,1516,62
466,"0,0010210139",0,0,2171,7,38,1504,62
467,"0,0010226503",0,0,2180,7,38,1516,62
468,"0,0010256189",0,0,2171,7,38,1504,62
469,"0,0010270834",0,0,2180,7,38,1516,62
470,"0,0010282077",0,0,2171,7,38,1504,62
471,"0,0010291484",0,0,2180,7,38,1516,62
472,"0,0010298344",0,0,2171,7,38,1504,62
473,"0,0010313388",0,0,2180,7,38,1516,62
474,"0,0010354727",0,0,2171,7,38,1504,62
475,"0,0010373964",0,0,2180,7,38,1516,62
476,"0,0010389395",0,0,2171,7,38,1504,62
477,"0,0010422138",0,0,2180,7,38,1516,62
478,"0,0010424754",0,0,2171,7,38,1504,62
479,"0,0010456452",0,0,2180,7,38,1516,62
480,"0,0010464616",0,0,2171,7,38,1504,62
481,"0,0010466804",0,0,2180,7,38,1516,62
482,"0,0010484539",0,0,2171,7,38,1504,62
483,"0,0010492907",0,0,2180,7,38,1516,62
484,"0,0010514843",0,0,2171,7,38,1504,62
485,"0,0010550236",0,0,2180,7,38,1516,62
486,"0,0010681178",0,0,2171,7,38,1504,62
487,"0,001068429",0,0,2180,7,38,1516,62
488,"0,0010729958",0,0,2171,7,38,1504,62
489,"0,0010751677",0,0,2187,9,39,1606,61
490,"0,0010764695",0,0,2196,8,39,1618,61
491,"0,001077095",0,0,2189,8,39,1618,61
492,"0,0010791002",0,0,2187,7,39,1618,61
493,"0,001079304",0,0,2189,6,39,1612,61
494,"0,0010803217",0,0,2182,7,39,1598,61
495,"0,0010830164",0,0,2189,7,39,1612,61
496,"0,0010912063",0,0,2182,7,39,1598,61
497,"0,0010928506",0,0,2189,7,39,1612,61
498,"0,0010943973",0,0,2182,7,39,1598,61
499,"0,0010978508",0,0,2189,7,39,1612,61
500,"0,0010992683",0,0,2182,7,39,1598,61
501,"0,0011007336",0,0,2189,7,39,1612,61
502,"0,001101031",0,0,2182,7,39,1598,61
503,"0,001101559",0,0,2189,7,39,1612,61
504,"0,0011031893",0,0,2182,7,39,1598,61
505,"0,0011059913",0,0,2189,7,39,1612,61
506,"0,0011084429",0,0,2182,7,39,1598,61
507,"0,0011090944",0,0,2189,7,39,1612,61
508,"0,0011102635",0,0,2182,7,39,1598,61
509,"0,0011136527",0,0,2189,7,39,1612,61
510,"0,0011163381",0,0,2182,7,39,1598,61
511,"0,0011191682",0,0,2189,7,39,1612,61
512,"0,0011210352",0,0,2182,7,39,1598,61
513,"0,0011216323",0,0,2189,7,39,1612,61
514,"0,0011236757",0,0,2182,7,39,1598,61
515,"0,0011240011",0,0,2189,7,39,1612,61
516,"0,0011242454",0,0,2182,7,39,1598,61
517,"0,0011244633",0,0,2189,7,39,1612,61
518,"0,0011259514",0,0,2182,7,39,1598,61
519,"0,0011269154",0,0,2189,7,39,1612,61
520,"0,0011290778",0,0,2182,7,39,1598,61
521,"0,0011317615",0,0,2189,7,39,1612,61
522,"0,0011353055",0,0,2182,7,39,1598,61
523,"0,001136264",0,0,2189,7,39,1612,61
524,"0,001137034",0,0,2182,7,39,1598,61
525,"0,0011375552",0,0,2189,7,39,1612,61
526,"0,0011398037",0,0,2182,7,39,1598,61
527,"0,0011474892",0,0,2189,7,39,1612,61
528,"0,0011485939",0,0,2182,7,39,1598,61
529,"0,0011501105",0,0,2189,7,39,1612,61
530,"0,0011519882",0,0,2182,7,39,1598,61
531,"0,0011568894",0,0,2189,7,39,1612,61
532,"0,0011580981",0,0,2182,7,39,1598,61
533,"0,0011589994",0,0,2189,7,39,1612,61
534,"0,0011591216",0,0,2182,7,39,1598,61
535,"0,0011596634",0,0,2189,7,39,1612,61
536,"0,0011640416",0,0,2182,7,39,1598,61
537,"0,0011657299",0,0,2189,7,39,1612,61
538,"0,0011675799",0,0,2182,7,39,1598,61
539,"0,0011676268",0,0,2189,7,39,1612,61
540,"0,0011679955",0,0,2182,7,39,1598,61
541,"0,0011684856",0,0,2189,7,39,1612,61
542,"0,001168749",0,0,2182,7,39,1598,61
543,"0,0011695634",0,0,2189,7,39,1612,61
544,"0,0011708388",0,0,2182,7,39,1598,61
545,"0,0011744812",0,0,2189,7,39,1612,61
546,"0,0011745818",0,0,2182,7,39,1598,61
547,"0,0011746849",0,0,2189,7,39,1612,61
548,"0,0011782338",0,0,2182,7,39,1598,61
549,"0,0011796759",0,0,2189,7,39,1612,61
550,"0,0011812627",0,0,2182,7,39,1598,61
551,"0,0011830018",0,0,2189,7,39,1612,61
552,"0,0011855902",0,0,2182,7,39,1598,61
553,"0,0011883568",0,0,2189,7,39,1612,61
554,"0,0011896567",0,0,2182,7,39,1598,61
555,"0,0011979945",0,0,2189,7,39,1612,61
556,"0,0011988177",0,0,2182,7,39,1598,61
557,"0,001199327",0,0,2189,7,39,1612,61
558,"0,0012071251",0,0,2182,7,39,1598,61
559,"0,0012098061",0,0,2189,7,39,1612,61
560,"0,0012098476",0,0,2182,7,39,1598,61
561,"0,0012099297",0,0,2189,7,39,1612,61
562,"0,0012111586",0,0,2182,7,39,1598,61
563,"0,0012119577",0,0,2189,7,39,1612,61
564,"0,0012137175",0,0,2182,7,39,1598,61
565,"0,0012185445",0,0,2189,7,39,1612,61
566,"0,0012194101",0,0,2182,7,39,1598,61
567,"0,0012203844",0,0,2189,7,39,1612,61
568,"0,0012230065",0,0,2182,7,39,1598,61
569,"0,0012244861",0,0,2189,7,39,1612,61
570,"0,0012259747",0,0,2182,7,39,1598,61
571,"0,0012301701",0,0,2189,7,39,1612,61
572,"0,0012309497",0,0,2182,7,39,1598,61
573,"0,0012354658",0,0,2189,7,39,1612,61
574,"0,0012370498",0,0,2182,7,39,1598,61
575,"0,0012416407",0,0,2189,7,39,1612,61
576,"0,0012435275",0,0,2182,7,39,1598,61
577,"0,0012448712",0,0,2189,7,39,1612,61
578,"0,0012452523",0,0,2182,7,39,1598,61
579,"0,0012479418",0,0,2189,7,39,1612,61
580,"0,0012503083",0,0,2182,7,39,1598,61
581,"0,0012520119",0,0,2189,7,39,1612,61
582,"0,0012534973",0,0,2182,7,39,1598,61
583,"0,0012548966",0,0,2189,7,39,1612,61
584,"0,0012561608",0,0,2182,7,39,1598,61
585,"0,001260101",0,0,2189,7,39,1612,61
586,"0,0012604624",0,0,2182,7,39,1598,61
587,"0,0012612106",0,0,2182,7,40,1624,60
588,"0,0012615418",0,0,2190,7,40,1636,60
589,"0,0012628305",0,0,2195,7,40,1638,60
590,"0,0012651382",0,0,2195,7,40,1638,60
591,"0,0012711974",0,0,2195,7,40,1638,60
592,"0,001271276",0,0,2195,7,40,1638,60
593,"0,001277441",0,0,2195,7,40,1638,60
594,"0,0012806654",0,0,2195,7,40,1638,60
595,"0,0012819964",0,0,2195,7,40,1638,60
596,"0,0012820914",0,0,2195,7,40,1638,60
597,"0,0012835489",0,0,2195,7,40,1638,60
598,"0,0012883633",0,0,2195,7,40,1638,60
599,"0,0012888362",0,0,2195,7,40,1638,60
600,"0,0012894687",0,0,2195,7,40,1638,60
601,"0,0012898152",0,0,2195,7,40,1638,60
602,"0,0012915128",0,0,2195,7,40,1638,60
603,"0,0012947834",0,0,2195,7,40,1638,60
604,"0,001296411",0,0,2195,7,40,1638,60
605,"0,0012964223",0,0,2195,7,40,1638,60
606,"0,0012985556",0,0,2195,7,40,1638,60
607,"0,0013022907",0,0,2195,7,40,1638,60
608,"0,0013054036",0,0,2195,7,40,1638,60
609,"0,0013056114",0,0,2195,7,40,1638,60
610,"0,0013078392",0,0,2195,7,40,1638,60
611,"0,0013115345",0,0,2195,7,40,1638,60
612,"0,0013127308",0,0,2195,7,40,1638,60
613,"0,0013154693",0,0,2195,7,40,1638,60
614,"0,0013193406",0,0,2195,7,40,1638,60
615,"0,0013204183",0,0,2195,7,40,1638,60
616,"0,0013228614",0,0,2195,7,40,1638,60
617,"0,0013253334",0,0,2195,7,40,1638,60
618,"0,0013329204",0,0,2195,7,40,1638,60
619,"0,0013343406",0,0,2195,7,40,1638,60
620,"0,0013405578",0,0,2195,7,40,1638,60
621,"0,0013408275",0,0,2195,7,40,1638,60
622,"0,0013439339",0,0,2195,7,40,1638,60
623,"0,0013452524",0,0,2195,7,40,1638,60
624,"0,0013469525",0,0,2195,7,40,1638,60
625,"0,0013514542",0,0,2195,7,40,1638,60
626,"0,0013551532",0,0,2195,7,40,1638,60
627,"0,0013574025",0,0,2195,7,40,1638,60
628,"0,0013589426",0,0,2195,7,40,1638,60
629,"0,0013590323",0,0,2195,7,40,1638,60
630,"0,0013619296",0,0,2195,7,40,1638,60
631,"0,0013644097",0,0,2195,7,40,1638,60
632,"0,001368054",0,0,2195,7,40,1638,60
633,"0,0013749226",0,0,2195,7,40,1638,60
634,"0,0013761654",0,0,2195,7,40,1638,60
635,"0,0013780672",0,0,2195,7,40,1638,60
636,"0,0013780982",0,0,2195,7,40,1638,60
637,"0,0013820251",0,0,2195,7,40,1638,60
638,"0,0013860116",0,0,2195,7,40,1638,60
639,"0,0013876582",0,0,2195,7,40,1638,60
640,"0,0013883978",0,0,2195,7,40,1638,60
641,"0,0013908871",0,0,2195,7,40,1638,60
642,"0,0013965246",0,0,2195,7,40,1638,60
643,"0,0013997711",0,0,2195,7,40,1638,60
644,"0,0014002195",0,0,2195,7,40,1638,60
645,"0,001401432",0,0,2195,7,40,1638,60
646,"0,0014022816",0,0,2195,7,40,1638,60
647,"0,0014024527",0,0,2195,7,40,1638,60
648,"0,0014028406",0,0,2195,7,40,1638,60
649,"0,0014038693",0,0,2195,7,40,1638,60
650,"0,0014075623",0,0,2195,7,40,1638,60
651,"0,0014091751",0,0,2195,7,40,1638,60
652,"0,0014095106",0,0,2195,7,40,1638,60
653,"0,0014156435",0,0,2195,7,40,1638,60
654,"0,0014162346",0,0,2195,7,40,1638,60
655,"0,0014167308",0,0,2195,7,40,1638,60
656,"0,0014167931",0,0,2195,7,40,1638,60
657,"0,0014171302",0,0,2195,7,40,1638,60
658,"0,0014197502",0,0,2195,7,40,1638,60
659,"0,0014197985",0,0,2195,7,40,1638,60
660,"0,0014247686",0,0,2195,7,40,1638,60
661,"0,0014270985",0,0,2195,7,40,1638,60
662,"0,0014289717",0,0,2195,7,40,1638,60
663,"0,0014299071",0,0,2195,7,40,1638,60
664,"0,0014309615",0,0,2195,7,40,1638,60
665,"0,0014318563",0,0,2195,7,40,1638,60
666,"0,0014396718",0,0,2195,7,40,1638,60
667,"0,0014454318",0,0,2195,7,40,1638,60
668,"0,001447868",0,0,2195,7,40,1638,60
669,"0,0014478889",0,0,2195,7,40,1638,60
670,"0,0014512991",0,0,2195,7,40,1638,60
671,"0,0014522485",0,0,2195,7,40,1638,60
672,"0,0014534696",0,0,2195,7,40,1638,60
673,"0,0014552962",0,0,2195,7,40,1638,60
674,"0,0014566674",0,0,2221,7,41,1752,59
675,"0,0014609671",0,0,2219,8,41,1742,59
676,"0,0014642581",0,0,2221,8,41,1742,59
677,"0,0014643286",0,0,2221,7,41,1768,59
678,"0,0014664106",0,0,2210,6,41,1768,59
679,"0,001468383",0,0,2210,6,41,1768,59
680,"0,0014740798",0,0,2210,6,41,1768,59
681,"0,0014751169",0,0,2210,6,41,1768,59
682,"0,0014751749",0,0,2210,6,41,1768,59
683,"0,0014756768",0,0,2210,6,41,1768,59
684,"0,0014790154",0,0,2210,6,41,1768,59
685,"0,001480038",0,0,2210,6,41,1768,59
686,"0,001481508",0,0,2210,6,41,1768,59
687,"0,0014865521",0,0,2210,6,41,1768,59
688,"0,0014876959",0,0,2210,6,41,1768,59
689,"0,0014896766",0,0,2210,6,41,1768,59
690,"0,0014897921",0,0,2210,6,41,1768,59
691,"0,0014907804",0,0,2210,6,41,1768,59
692,"0,0014921225",0,0,2210,6,41,1768,59
693,"0,0014924316",0,0,2210,6,41,1768,59
694,"0,0014929255",0,0,2210,6,41,1768,59
695,"0,0014931008",0,0,2210,6,41,1768,59
696,"0,0014932423",0,0,2210,6,41,1768,59
697,"0,0014953154",0,0,2210,6,41,1768,59
698,"0,0014963031",0,0,2210,6,41,1768,59
699,"0,0014967272",0,0,2210,6,41,1768,59
700,"0,0014970442",0,0,2210,6,41,1768,59
701,"0,0014971726",0,0,2210,6,41,1768,59
702,"0,001501917",0,0,2210,6,41,1768,59
703,"0,0015033419",0,0,2210,6,41,1768,59
704,"0,0015033898",0,0,2210,6,41,1768,59
705,"0,0015036574",0,0,2210,6,41,1768,59
706,"0,0015052913",0,0,2210,6,41,1768,59
707,"0,0015056657",0,0,2210,6,41,1768,59
708,"0,0015070543",0,0,2210,6,41,1768,59
709,"0,0015090858",0,0,2210,6,41,1768,59
710,"0,001512596",0,0,2210,6,41,1768,59
711,"0,0015151461",0,0,2210,6,41,1768,59
712,"0,0015213777",0,0,2210,6,41,1768,59
713,"0,001523289",0,0,2210,6,41,1768,59
714,"0,0015246225",0,0,2210,6,41,1768,59
715,"0,0015248177",0,0,2210,6,41,1768,59
716,"0,0015252928",0,0,2210,6,41,1768,59
717,"0,001527061",0,0,2210,6,41,1768,59
718,"0,0015272354",0,0,2210,6,41,1768,59
719,"0,0015279239",0,0,2210,6,41,1768,59
720,"0,0015283273",0,0,2210,6,41,1768,59
721,"0,0015343637",0,0,2210,6,41,1768,59
722,"0,0015349264",0,0,2210,6,41,1768,59
723,"0,0015364476",0,0,2210,6,41,1768,59
724,"0,0015387169",0,0,2210,6,41,1768,59
725,"0,0015396776",0,0,2210,6,41,1768,59
726,"0,0015467123",0,0,2210,6,41,1768,59
727,"0,0015469582",0,0,2210,6,41,1768,59
728,"0,0015480456",0,0,2210,6,41,1768,59
729,"0,0015481633",0,0,2210,6,41,1768,59
730,"0,0015483759",0,0,2210,6,41,1768,59
731,"0,0015500126",0,0,2210,6,41,1768,59
732,"0,001552123",0,0,2210,6,41,1768,59
733,"0,0015550116",0,0,2210,6,41,1768,59
734,"0,0015574221",0,0,2210,6,41,1768,59
735,"0,0015577444",0,0,2210,6,41,1768,59
736,"0,0015598629",0,0,2210,6,41,1768,59
737,"0,0015625018",0,0,2210,6,41,1768,59
738,"0,0015638608",0,0,2210,6,41,1768,59
739,"0,0015650058",0,0,2210,6,41,1768,59
740,"0,001565465",0,0,2210,6,41,1768,59
741,"0,0015664851",0,0,2210,6,41,1768,59
742,"0,0015686485",0,0,2210,6,41,1768,59
743,"0,00156938",0,0,2210,6,41,1768,59
744,"0,0015704671",0,0,2210,6,41,1768,59
745,"0,0015710571",0,0,2210,6,41,1768,59
746,"0,0015726081",0,0,2210,6,41,1768,59
747,"0,0015737381",0,0,2210,6,41,1768,59
748,"0,0015740822",0,0,2210,6,41,1768,59
749,"0,0015744946",0,0,2210,6,41,1768,59
750,"0,001576825",0,0,2210,6,41,1768,59
751,"0,0015814493",0,0,2210,6,41,1768,59
752,"0,0015818649",0,0,2210,6,41,1768,59
753,"0,0015822695",0,0,2210,6,41,1768,59
754,"0,0015826405",0,0,2210,6,41,1768,59
755,"0,0015868101",0,0,2210,6,41,1768,59
756,"0,0015875944",0,0,2210,6,41,1768,59
757,"0,0015906079",0,0,2210,6,41,1768,59
758,"0,0015911297",0,0,2210,6,41,1768,59
759,"0,0015913999",0,0,2210,6,41,1768,59
760,"0,0015918947",0,0,2210,6,41,1768,59
761,"0,0015932225",0,0,2210,6,41,1768,59
762,"0,0015967301",0,0,2210,6,41,1768,59
763,"0,0015967904",0,0,2210,6,41,1768,59
764,"0,0015967974",0,0,2210,6,41,1768,59
765,"0,0015968369",0,0,2210,6,41,1768,59
766,"0,001598068",0,0,2210,6,41,1768,59
767,"0,0015985445",0,0,2210,6,41,1768,59
768,"0,0016000973",0,0,2210,6,41,1768,59
769,"0,0016001867",0,0,2210,6,41,1768,59
770,"0,0016006891",0,0,2210,6,41,1768,59
771,"0,0016013172",0,0,2210,6,41,1768,59
772,"0,0016014092",0,0,2210,6,41,1768,59
773,"0,0016017683",0,0,2210,6,41,1768,59
774,"0,0016024285",0,0,2210,6,41,1768,59
775,"0,0016046762",0,0,2210,6,41,1768,59
776,"0,0016056451",0,0,2210,6,41,1768,59
777,"0,0016089787",0,0,2210,6,41,1768,59
778,"0,0016092887",0,0,2210,6,41,1768,59
779,"0,0016100845",0,0,2210,6,41,1768,59
780,"0,0016117277",0,0,2210,6,41,1768,59
781,"0,0016126558",0,0,2210,6,41,1768,59
782,"0,0016130387",0,0,2210,6,41,1768,59
783,"0,001613342",0,0,2210,6,41,1768,59
784,"0,0016150175",0,0,2210,6,41,1768,59
785,"0,0016151389",0,0,2210,6,41,1768,59
786,"0,0016162842",0,0,2210,6,41,1768,59
787,"0,0016177622",0,0,2210,6,41,1768,59
788,"0,0016182534",0,0,2210,6,41,1768,59
789,"0,0016286563",0,0,2210,6,41,1768,59
790,"0,001634623",0,0,2210,6,41,1768,59
791,"0,0016348229",0,0,2210,6,41,1768,59
792,"0,0016366548",0,0,2210,6,41,1768,59
793,"0,0016400355",0,0,2210,6,41,1768,59
794,"0,0016409555",0,0,2210,6,41,1768,59
795,"0,0016412508",0,0,2210,6,41,1768,59
796,"0,0016430551",0,0,2210,6,41,1768,59
797,"0,0016447832",0,0,2210,6,41,1768,59
798,"0,0016462857",0,0,2210,6,41,1768,59
799,"0,0016477504",0,0,2210,6,41,1768,59
800,"0,0016497934",0,0,2210,6,41,1768,59
801,"0,0016513109",0,0,2210,6,41,1768,59
802,"0,0016536802",0,0,2210,6,41,1768,59
803,"0,0016577617",0,0,2210,6,41,1768,59
804,"0,001661101",0,0,2210,6,41,1768,59
805,"0,0016626733",0,0,2210,6,41,1768,59
806,"0,0016640257",0,0,2210,6,41,1768,59
807,"0,0016653615",0,0,2210,6,41,1768,59
808,"0,0016655704",0,0,2210,6,41,1768,59
809,"0,0016658619",0,0,2210,6,41,1768,59
810,"0,0016668199",0,0,2210,6,41,1768,59
811,"0,0016680484",0,0,2210,6,41,1768,59
812,"0,0016749912",0,0,2210,6,41,1768,59
813,"0,0016812675",0,0,2210,6,41,1768,59
814,"0,0016829169",0,0,2210,6,41,1768,59
815,"0,001683361",0,0,2210,6,41,1768,59
816,"0,0016835996",0,0,2210,6,41,1768,59
817,"0,0016863154",0,0,2210,6,41,1768,59
818,"0,0016864341",0,0,2210,6,41,1768,59
819,"0,0016872421",0,0,2210,6,41,1768,59
820,"0,0016888798",0,0,2210,6,41,1768,59
821,"0,0016928055",0,0,2210,6,41,1768,59
822,"0,0016928243",0,0,2210,6,41,1768,59
823,"0,0016934758",0,0,2210,6,41,1768,59
824,"0,0016965465",0,0,2210,6,41,1768,59
825,"0,0016982216",0,0,2210,6,41,1768,59
826,"0,0017023165",0,0,2210,6,41,1768,59
827,"0,0017028216",0,0,2210,6,41,1768,59
828,"0,0017036645",0,0,2210,6,41,1768,59
829,"0,001704769",0,0,2210,6,41,1768,59
830,"0,0017090879",0,0,2210,6,41,1768,59
831,"0,0017114505",0,0,2210,6,41,1768,59
832,"0,0017121681",0,0,2210,6,41,1768,59
833,"0,0017166247",0,0,2210,6,41,1768,59
834,"0,0017179188",0,0,2210,6,41,1768,59
835,"0,0017182576",0,0,2210,6,41,1768,59
836,"0,0017198364",0,0,2210,6,41,1768,59
837,"0,0017199127",0,0,2210,6,41,1768,59
838,"0,0017208885",0,0,2210,6,41,1768,59
839,"0,00172295",0,0,2210,6,41,1768,59
840,"0,0017242094",0,0,2210,6,41,1768,59
841,"0,001724754",0,0,2210,6,41,1768,59
842,"0,0017249935",0,0,2210,6,41,1768,59
843,"0,0017255001",0,0,2210,6,41,1768,59
844,"0,0017286243",0,0,2210,6,41,1768,59
845,"0,0017289396",0,0,2210,6,41,1768,59
846,"0,0017327646",0,0,2210,6,41,1768,59
847,"0,0017329395",0,0,2210,6,41,1768,59
848,"0,0017344952",0,0,2210,6,41,1768,59
849,"0,0017345757",0,0,2210,6,41,1768,59
850,"0,0017366663",0,0,2210,6,41,1768,59
851,"0,0017393527",0,0,2210,6,41,1768,59
852,"0,0017407331",0,0,2210,6,41,1768,59
853,"0,0017425205",0,0,2210,6,41,1768,59
854,"0,0017449264",0,0,2210,6,41,1768,59
855,"0,0017455097",0,0,2210,6,41,1768,59
856,"0,0017464393",0,0,2210,6,41,1768,59
857,"0,001746609",0,0,2210,6,41,1768,59
858,"0,0017474999",0,0,2210,6,41,1768,59
859,"0,0017480132",0,0,2210,6,41,1768,59
860,"0,0017508486",0,0,2210,6,41,1768,59
861,"0,0017518064",0,0,2210,6,41,1768,59
862,"0,001753266",0,0,2210,6,41,1768,59
863,"0,001753478",0,0,2210,6,41,1768,59
864,"0,0017555349",0,0,2210,6,41,1768,59
865,"0,0017574949",0,0,2210,6,41,1768,59
866,"0,0017576973",0,0,2210,6,41,1768,59
867,"0,0017595917",0,0,2210,6,41,1768,59
868,"0,0017633498",0,0,2210,6,41,1768,59
869,"0,0017655327",0,0,2210,6,41,1768,59
870,"0,0017678305",0,0,2210,6,41,1768,59
871,"0,0017686147",0,0,2210,6,41,1768,59
872,"0,0017710167",0,0,2210,6,41,1768,59
873,"0,0017721036",0,0,2210,6,41,1768,59
874,"0,0017725186",0,0,2210,6,41,1768,59
875,"0,0017741987",0,0,2210,6,41,1768,59
876,"0,0017744191",0,0,2210,6,41,1768,59
877,"0,0017765448",0,0,2210,6,41,1768,59
878,"0,0017771164",0,0,2210,6,41,1768,59
879,"0,0017783883",0,0,2210,6,41,1768,59
880,"0,0017790816",0,0,2210,6,41,1768,59
881,"0,0017791522",0,0,2210,6,41,1768,59
882,"0,0017797388",0,0,2210,6,41,1768,59
883,"0,0017835579",0,0,2210,6,41,1768,59
884,"0,0017848856",0,0,2210,6,41,1768,59
885,"0,0017864629",0,0,2210,6,41,1768,59
886,"0,0017873697",0,0,2210,6,41,1768,59
887,"0,0017903432",0,0,2210,6,41,1768,59
888,"0,0017950991",0,0,2210,6,41,1768,59
889,"0,0017957598",0,0,2210,6,41,1768,59
890,"0,0017963216",0,0,2210,6,41,1768,59
891,"0,0017985305",0,0,2210,6,41,1768,59
892,"0,0018005543",0,0,2210,6,41,1768,59
893,"0,0018011742",0,0,2210,6,41,1768,59
894,"0,0018012856",0,0,2210,6,41,1768,59
895,"0,0018040905",0,0,2210,6,41,1768,59
896,"0,001804412",0,0,2210,6,41,1768,59
897,"0,0018051124",0,0,2210,6,41,1768,59
898,"0,0018063906",0,0,2210,6,41,1768,59
899,"0,0018074923",0,0,2210,6,41,1768,59
900,"0,0018084689",0,0,2210,6,41,1768,59
901,"0,0018093391",0,0,2210,6,41,1768,59
902,"0,0018100526",0,0,2210,6,41,1768,59
903,"0,001814758",0,0,2210,6,41,1768,59
904,"0,0018164406",0,0,2210,6,41,1768,59
905,"0,0018168179",0,0,2210,6,41,1768,59
906,"0,0018171009",0,0,2210,6,41,1768,59
907,"0,0018174124",0,0,2210,6,41,1768,59
908,"0,0018203923",0,0,2210,6,41,1768,59
909,"0,0018226437",0,0,2210,6,41,1768,59
910,"0,0018253632",0,0,2210,6,41,1768,59
911,"0,0018293895",0,0,2210,6,41,1768,59
912,"0,0018317241",0,0,2210,6,41,1768,59
913,"0,0018325387",0,0,2210,6,41,1768,59
914,"0,0018337581",0,0,2210,6,41,1768,59
915,"0,0018345193",0,0,2210,6,41,1768,59
916,"0,0018379103",0,0,2210,6,41,1768,59
917,"0,0018385146",0,0,2210,6,41,1768,59
918,"0,0018403292",0,0,2210,6,41,1768,59
919,"0,0018441939",0,0,2210,6,41,1768,59
920,"0,0018448834",0,0,2210,6,41,1768,59
921,"0,0018495337",0,0,2210,6,41,1768,59
922,"0,0018519844",0,0,2210,6,41,1768,59
923,"0,0018543969",0,0,2210,6,41,1768,59
924,"0,001855638",0,0,2210,6,41,1768,59
925,"0,0018587992",0,0,2210,6,41,1768,59
926,"0,0018678918",0,0,2210,6,41,1768,59
927,"0,0018693046",0,0,2210,6,41,1768,59
928,"0,0018753219",0,0,2210,6,41,1768,59
929,"0,0018760306",0,0,2210,6,41,1768,59
930,"0,0018778639",0,0,2227,6,42,1910,58
931,"0,0018784496",0,0,2227,6,42,1910,58
932,"0,0018795228",0,0,2227,6,42,1910,58
933,"0,0018809848",0,0,2227,6,42,1910,58
934,"0,0018833768",0,0,2227,6,42,1910,58
935,"0,0018901047",0,0,2227,6,42,1910,58
936,"0,0018901493",0,0,2227,6,42,1910,58
937,"0,0018903173",0,0,2227,6,42,1910,58
938,"0,0018914761",0,0,2227,6,42,1910,58
939,"0,0018915681",0,0,2227,6,42,1910,58
940,"0,0018921165",0,0,2227,6,42,1910,58
941,"0,0018946872",0,0,2227,6,42,1910,58
942,"0,0018964444",0,0,2227,6,42,1910,58
943,"0,0018972534",0,0,2227,6,42,1910,58
944,"0,0018990835",0,0,2227,6,42,1910,58
945,"0,0018991072",0,0,2227,6,42,1910,58
946,"0,001899374",0,0,2227,6,42,1910,58
947,"0,0019002116",0,0,2210,8,41,1768,59
948,"0,0019003926",0,0,2228,8,41,1792,59
949,"0,0019013073",0,0,2228,8,41,1792,59
950,"0,0019064396",0,0,2228,8,41,1792,59
951,"0,001908294",0,0,2228,8,41,1792,59
952,"0,0019090065",0,0,2228,8,41,1792,59
953,"0,0019095118",0,0,2228,8,41,1792,59
954,"0,0019101471",0,0,2228,8,41,1792,59
955,"0,0019101571",0,0,2228,8,41,1792,59
956,"0,0019140876",0,0,2228,8,41,1792,59
957,"0,001915807",0,0,2228,8,41,1792,59
958,"0,001916653",0,0,2228,8,41,1792,59
959,"0,0019196053",0,0,2228,8,41,1792,59
960,"0,0019207423",0,0,2228,8,41,1792,59
961,"0,0019276472",0,0,2228,8,41,1792,59
962,"0,0019306557",0,0,2228,8,41,1792,59
963,"0,0019314784",0,0,2228,8,41,1792,59
964,"0,0019320922",0,0,2228,8,41,1792,59
965,"0,0019329362",0,0,2228,8,41,1792,59
966,"0,0019344929",0,0,2228,8,41,1792,59
967,"0,0019349884",0,0,2228,8,41,1792,59
968,"0,0019361691",0,0,2228,8,41,1792,59
969,"0,0019403556",0,0,2228,8,41,1792,59
970,"0,0019409884",0,0,2228,8,41,1792,59
971,"0,0019466185",0,0,2228,8,41,1792,59
972,"0,0019492461",0,0,2228,8,41,1792,59
973,"0,0019520714",0,0,2228,8,41,1792,59
974,"0,001954891",0,0,2228,8,41,1792,59
975,"0,0019571041",0,0,2228,8,41,1792,59
976,"0,0019615289",0,0,2228,8,41,1792,59
977,"0,0019622976",0,0,2228,8,41,1792,59
978,"0,0019643522",0,0,2228,8,41,1792,59
979,"0,0019667011",0,0,2228,8,41,1792,59
980,"0,0019684083",0,0,2228,8,41,1792,59
981,"0,0019709154",0,0,2228,8,41,1792,59
982,"0,0019712382",0,0,2228,8,41,1792,59
983,"0,0019722713",0,0,2228,8,41,1792,59
984,"0,0019724476",0,0,2228,8,41,1792,59
985,"0,0019728908",0,0,2228,8,41,1792,59
986,"0,0019733419",0,0,2228,8,41,1792,59
987,"0,0019753702",0,0,2228,8,41,1792,59
988,"0,0019756606",0,0,2228,8,41,1792,59
989,"0,0019760268",0,0,2228,8,41,1792,59
990,"0,0019764712",0,0,2228,8,41,1792,59
991,"0,0019786267",0,0,2228,8,41,1792,59
992,"0,0019815811",0,0,2228,8,41,1792,59
993,"0,0019826421",0,0,2228,8,41,1792,59
994,"0,0019832255",0,0,2228,8,41,1792,59
995,"0,0019843332",0,0,2244,8,42,1936,58
996,"0,0019864458",0,0,2244,8,42,1936,58
997,"0,0019877921",0,0,2244,8,42,1936,58
998,"0,0019878407",0,0,2244,8,42,1936,58
999,"0,0019894131",0,0,2244,8,42,1936,58